3;a;m;000  0     n  2 22      i 450 001  \\10.0.1.9\dbf\invbook\1063810RU/IS/BASE/795115980005  020260306093446.6008  0131230s20                          rus u013  bkz020  a988-604-06-1345-0040  dКаталог традиционных изданий041  akaz245  aТіршілік қауіпсіздігі негіздері пәні бойынша тесттер жинағыhМәтінbОқу құралыcм.ә.д., проф. Қауашев С.Қ.260  aАлматыbҚазҰПУc2012300  a145 б653  aУчебно-методическое пособие8561 dC:\bk\ISBN\988-604-06-1345-0\index.htm;n  2 22      i 450;RU/IS/BASE/795115980;kz;988-604-06-1345-0;Каталог традиционных изданий;kaz;NULL;NULL;NULL;NULL;NULL;NULL;NULL;Тіршілік қауіпсіздігі негіздері пәні бойынша тесттер жинағы;Оқу құралы;Мәтін;NULL;Алматы;ҚазҰПУ;2012;2012;145;NULL;0;Учебно-методическое пособие;NULL;C:\bk\ISBN\988-604-06-1345-0\index.htm;NULL;NULL;NULL;NULL;NULL;NULL;NULL;NULL;NULL;NULL
4;a;m;000  0     n  2 22      i 450 001  \\10.0.1.9\dbf\invbook\1434640RU/IS/BASE/795115981005  020260306093447.2008  0241001s20||||||kz |||||||||||000|||rus|u013  bkz040  dКаталог традиционных изданий041  arus080  a3090  a3fаб.1-26xС81097  bКалинина Н.М.245  a1С : Бухгалтерия 8 для Казахстана учебная версияhТекстbУчебник260  aНур-Султанb1С  в Казахстанеc2022300  a687 с5411 n26 экз901  tm952  aКУРdФакультет экономики и сервисаeФинансы и учетj6В04108 - Финансы990  d2025e09.2025f3.09.2025;n  2 22      i 450;RU/IS/BASE/795115981;kz;NULL;Каталог традиционных изданий;rus;3;3;NULL;аб.1-26;С81;Калинина Н.М.;NULL;1С : Бухгалтерия 8 для Казахстана учебная версия;Учебник;Текст;NULL;Нур-Султан;1С  в Казахстане;2022;2022;687;NULL;26;NULL;NULL;NULL;m;КУР;Факультет экономики и сервиса;Финансы и учет;NULL;6В04108 - Финансы;2025;09.2025;3.09.2025;NULL
7;a;m;000  0     n  2 22      i 450 001  \\10.0.1.9\dbf\invbook\1253710RU/IS/BASE/795115984005  020260306093447.4008  0211130s20                          eng u041  aeng245  aAction for Kazakhstan Science Schools (Crade10)Student s Book Естеств.матем.hText260  aАлматыbExpress Publishingc2018300  a123653  aУчебник8561 d10;n  2 22      i 450;RU/IS/BASE/795115984;NULL;NULL;NULL;eng;NULL;NULL;NULL;NULL;NULL;NULL;NULL;Action for Kazakhstan Science Schools (Crade10)Student s Book Естеств.матем.;NULL;Text;NULL;Алматы;Express Publishing;2018;2018;123;NULL;0;Учебник;NULL;10;NULL;NULL;NULL;NULL;NULL;NULL;NULL;NULL;NULL;NULL
8;a;m;000  0     n  2 22      i 450 001  \\10.0.1.9\dbf\invbook\1254110RU/IS/BASE/795115985005  020260306093447.6008  0211130s20                          eng u020  a978-1-4715-7388-0041  aeng245  aAction for Kazakhstan Science Schools (Crade10)Student s Book Общественн. гуманитар.hText260  aАлматыbExpress Publishingc2018300  a121653  aУчебник8561 d10;n  2 22      i 450;RU/IS/BASE/795115985;NULL;978-1-4715-7388-0;NULL;eng;NULL;NULL;NULL;NULL;NULL;NULL;NULL;Action for Kazakhstan Science Schools (Crade10)Student s Book Общественн. гуманитар.;NULL;Text;NULL;Алматы;Express Publishing;2018;2018;121;NULL;0;Учебник;NULL;10;NULL;NULL;NULL;NULL;NULL;NULL;NULL;NULL;NULL;NULL
9;a;m;000  0     n  2 22      i 450 001  \\10.0.1.9\dbf\invbook\1253810RU/IS/BASE/795115986005  020260306093447.8008  0211130s20                          eng u020  a978-1-4715-8442-8041  aeng245  aAction for Kazakhstan Science Schools (Grade 11) Student S Book Естеств.матем.hText260  aАлматыbExpress Publishingc2020300  a123653  aУчебник8561 d10;n  2 22      i 450;RU/IS/BASE/795115986;NULL;978-1-4715-8442-8;NULL;eng;NULL;NULL;NULL;NULL;NULL;NULL;NULL;Action for Kazakhstan Science Schools (Grade 11) Student S Book Естеств.матем.;NULL;Text;NULL;Алматы;Express Publishing;2020;2020;123;NULL;0;Учебник;NULL;10;NULL;NULL;NULL;NULL;NULL;NULL;NULL;NULL;NULL;NULL
10;a;m;000  0     n  2 22      i 450 001  \\10.0.1.9\dbf\invbook\1254210RU/IS/BASE/795115987005  020260306093448.3008  0211130s20                          eng u020  a978-1-4715-8428-2041  aeng245  aAction for Kazakhstan Science Schools (Grade 11) Student S Book Обществен. гуманитар.hText260  aАлматыbExpress Publishingc2020300  a123653  aУчебник8561 d10;n  2 22      i 450;RU/IS/BASE/795115987;NULL;978-1-4715-8428-2;NULL;eng;NULL;NULL;NULL;NULL;NULL;NULL;NULL;Action for Kazakhstan Science Schools (Grade 11) Student S Book Обществен. гуманитар.;NULL;Text;NULL;Алматы;Express Publishing;2020;2020;123;NULL;0;Учебник;NULL;10;NULL;NULL;NULL;NULL;NULL;NULL;NULL;NULL;NULL;NULL
11;a;m;000  0     n  2 22      i 450 001  \\10.0.1.9\dbf\invbook\1423740RU/IS/BASE/795115988005  020260306093448.1008  0240625s20                          rus u041  arus245  aActual scientific research in the modern world: international sciense journalhТекст260  aУкраинаbPereislavc2023300  a213653  aСборник статей8561 d1;n  2 22      i 450;RU/IS/BASE/795115988;NULL;NULL;NULL;rus;NULL;NULL;NULL;NULL;NULL;NULL;NULL;Actual scientific research in the modern world: international sciense journal;NULL;Текст;NULL;Украина;Pereislav;2023;2023;213;NULL;0;Сборник статей;NULL;1;NULL;NULL;NULL;NULL;NULL;NULL;NULL;NULL;NULL;NULL
12;a;m;000  0     n  2 22      i 450 001  \\10.0.1.9\dbf\invbook\978730RU/IS/BASE/795115989005  020260306093448.2008  0111228s20                          rus u020  a978-5-699-45558-4041  arus245  aAdobe Dreamweaver CS5: официальный учебный курс +CDhТекст260  aМ.bЭКСМОc2011300  a496bил.653  aУчебник8561 dC:\bk\ISBN\978-5-699-45558-4\index.htm;n  2 22      i 450;RU/IS/BASE/795115989;NULL;978-5-699-45558-4;NULL;rus;NULL;NULL;NULL;NULL;NULL;NULL;NULL;Adobe Dreamweaver CS5: официальный учебный курс +CD;NULL;Текст;NULL;М.;ЭКСМО;2011;2011;496;NULL;0;Учебник;NULL;C:\bk\ISBN\978-5-699-45558-4\index.htm;NULL;NULL;NULL;NULL;NULL;NULL;NULL;NULL;NULL;NULL
13;a;m;000  0     n  2 22      i 450 001  \\10.0.1.9\dbf\invbook\1253910RU/IS/BASE/795115990005  020260306093448.4008  0211130s20                          eng u020  a978-1-4715-7389-7041  aeng245  aAspekt for Kazakhstan Grammar Schools (Grade 10) Workbook Grammar Book . Жұмыс дәптер 10 сыныбhText260  c2019300  a119653  aУчебник8561 d10;n  2 22      i 450;RU/IS/BASE/795115990;NULL;978-1-4715-7389-7;NULL;eng;NULL;NULL;NULL;NULL;NULL;NULL;NULL;Aspekt for Kazakhstan Grammar Schools (Grade 10) Workbook Grammar Book . Жұмыс дәптер 10 сыныб;NULL;Text;NULL;NULL;NULL;2019;2019;119;NULL;0;Учебник;NULL;10;NULL;NULL;NULL;NULL;NULL;NULL;NULL;NULL;NULL;NULL
14;a;m;000  0     n  2 22      i 450 001  \\10.0.1.9\dbf\invbook\1254010RU/IS/BASE/795115991005  020260306093448.6008  0211130s20                          eng u020  a978-1-4715-8429-9041  aeng245  aAspekt for Kazakhstan Grammar Schools (Grade 11) Workbook Grammar Book . Жұмыс дәптер 11сыныпhText260  aАлматыbExpress Publishingc2020300  a128653  aУчебник8561 d10;n  2 22      i 450;RU/IS/BASE/795115991;NULL;978-1-4715-8429-9;NULL;eng;NULL;NULL;NULL;NULL;NULL;NULL;NULL;Aspekt for Kazakhstan Grammar Schools (Grade 11) Workbook Grammar Book . Жұмыс дәптер 11сынып;NULL;Text;NULL;Алматы;Express Publishing;2020;2020;128;NULL;0;Учебник;NULL;10;NULL;NULL;NULL;NULL;NULL;NULL;NULL;NULL;NULL;NULL
15;a;m;000  0     n  2 22      i 450 001  \\10.0.1.9\dbf\invbook\1162630RU/IS/BASE/795115992005  020260306093448.8008  0190529s20                          eng u020  a978-601-280-592-2041  aeng245  aAssembly of People of Kazakhstan in the history of the countryhText260  aАлматыbKAZakparatc2015300  a236bил.653  aНаучная8561 dC:\bk\ISBN\978-601-280-592-2\index.htm;n  2 22      i 450;RU/IS/BASE/795115992;NULL;978-601-280-592-2;NULL;eng;NULL;NULL;NULL;NULL;NULL;NULL;NULL;Assembly of People of Kazakhstan in the history of the country;NULL;Text;NULL;Алматы;KAZakparat;2015;2015;236;NULL;0;Научная;NULL;C:\bk\ISBN\978-601-280-592-2\index.htm;NULL;NULL;NULL;NULL;NULL;NULL;NULL;NULL;NULL;NULL
16;a;m;000  0     n  2 22      i 450 001  \\10.0.1.9\dbf\invbook\963420RU/IS/BASE/795115993005  020260306093449.3008  0110511s20                          eng u041  aeng245  aCamb Phrasal Verds DictionaryhText260  c2006300  a417bил.653  aУчебник8561 dC:\bk\ISBN\\index.htm;n  2 22      i 450;RU/IS/BASE/795115993;NULL;NULL;NULL;eng;NULL;NULL;NULL;NULL;NULL;NULL;NULL;Camb Phrasal Verds Dictionary;NULL;Text;NULL;NULL;NULL;2006;2006;417;NULL;0;Учебник;NULL;C:\bk\ISBN\\index.htm;NULL;NULL;NULL;NULL;NULL;NULL;NULL;NULL;NULL;NULL
17;a;m;000  0     n  2 22      i 450 001  \\10.0.1.9\dbf\invbook\1231660RU/IS/BASE/795115994005  020260306093449.2008  0210412s20                          rus u041  arus245  aCorelDRAW - 2018hТекст260  aМ.c2018300  a0653  aУчебник8561 d1;n  2 22      i 450;RU/IS/BASE/795115994;NULL;NULL;NULL;rus;NULL;NULL;NULL;NULL;NULL;NULL;NULL;CorelDRAW - 2018;NULL;Текст;NULL;М.;NULL;2018;2018;0;NULL;0;Учебник;NULL;1;NULL;NULL;NULL;NULL;NULL;NULL;NULL;NULL;NULL;NULL
18;a;m;000  0     n  2 22      i 450 001  \\10.0.1.9\dbf\invbook\1126920RU/IS/BASE/795115995005  020260306093449.4008  0150611s20||||||kz||||||||||||000|||rus|u013  bkz020  a978-601-7540-08-1040  dКаталог традиционных изданий041  ager080  a8090  a811fаб.1-5xD48097  bКалинина Н.М.245  aDeutsch+CD:hТекстbНеміс тілі бойынша оқу-әдістемелік құралыcИнтымаков Т.Ж., Алиакпарова М.М., Абдильдина С.А.260  aАстанаbЖасыл Ордаc2015300  a100 с5411 n5 экз901  tm952  aМИ/иностр.яз.dФакультет экономики и сервисаeСоциально-гуманитарные дисциплиныjВсе специальности990  d2025e05.2025f27.05.2025;n  2 22      i 450;RU/IS/BASE/795115995;kz;978-601-7540-08-1;Каталог традиционных изданий;ger;8;811;NULL;аб.1-5;D48;Калинина Н.М.;NULL;Deutsch+CD:;Неміс тілі бойынша оқу-әдістемелік құралы;Текст;NULL;Астана;Жасыл Орда;2015;2015;100;NULL;5;NULL;NULL;NULL;m;МИ/иностр.яз.;Факультет экономики и сервиса;Социально-гуманитарные дисциплины;NULL;Все специальности;2025;05.2025;27.05.2025;NULL
19;a;m;000  0     n  2 22      i 450 001  \\10.0.1.9\dbf\invbook\1093060RU/IS/BASE/795117164001  \\10.0.1.9\dbf\invbook\963470RU/IS/BASE/795115996005  020260306093449.5005  020251203101504.2008  0140705s20                          rus u020  a978-601-225-627-7020  a9780521600613041  arus041  aeng1001 aАбленов Д.О.245  aҚаржылық бақылау, ревизия және аудит: оқу құралыhТекст245  aElementary Std Bk CDhText260  aАлматыbЭкономикаc2014260  c2005300  a560300  a160bил.653  aУчебник653  aУчебник8561 dC:\bk\ISBN\9780521600613\index.htm8561 dC:\bk\ISBN\978-601-225-627-7\index.htm8561 dC:\bk\ISBN\9780521600613\index.htm8561 dC:\bk\ISBN\9780521600613\index.htm;n  2 22      i 450;RU/IS/BASE/795117164;NULL;978-601-225-627-7;NULL;rus;NULL;NULL;NULL;NULL;NULL;NULL;Абленов Д.О.;Қаржылық бақылау, ревизия және аудит: оқу құралы;NULL;Текст;NULL;Алматы;Экономика;2014;2014;560;NULL;0;"Учебник; Учебник";NULL;C:\bk\ISBN\9780521600613\index.htm;NULL;NULL;NULL;NULL;NULL;NULL;NULL;NULL;NULL;NULL
20;a;m;000  0     n  2 22      i 450 001  \\10.0.1.9\dbf\invbook\1126770RU/IS/BASE/795115997005  020260306093449.7008  0150611s20||||||kz |||||||||||000|||rus|u013  bkz020  a978-601-7540-07-4040  dКаталог традиционных изданий041  aeng080  a8090  a811fаб.1-15xЕ55097  bКалинина Н.М.245  aEnglish+CD:bағылшын тілі бойынша оқу-әдістемелік құралы - учебно-методическое пособие по английскому языкуcИнтымаков Т.Ж., Алиакпарова М.М., Абдильдина С.А.hText260  aАстанаbЖасыл Ордаc2015300  a98 с5411 n15 экз653  aтестирование901  tm952  aМИ/иностр.яз.dФакультет экономики и сервисаeСоциально-гуманитарные дисциплиныjВсе специальности990  d2025e05.2025f27.05.2025;n  2 22      i 450;RU/IS/BASE/795115997;kz;978-601-7540-07-4;Каталог традиционных изданий;eng;8;811;NULL;аб.1-15;Е55;Калинина Н.М.;NULL;English+CD:;ағылшын тілі бойынша оқу-әдістемелік құралы - учебно-методическое пособие по английскому языку;Text;NULL;Астана;Жасыл Орда;2015;2015;98;NULL;15;тестирование;NULL;NULL;m;МИ/иностр.яз.;Факультет экономики и сервиса;Социально-гуманитарные дисциплины;NULL;Все специальности;2025;05.2025;27.05.2025;NULL
21;a;m;000  0     n  2 22      i 450 001  \\10.0.1.9\dbf\invbook\963430RU/IS/BASE/795115998005  020260306093449.8008  0110511s20                          eng u041  aeng245  aEss Gram in Use CD-R PB PkhText260  c2007300  a319bил.653  aУчебник8561 dC:\bk\ISBN\\index.htm;n  2 22      i 450;RU/IS/BASE/795115998;NULL;NULL;NULL;eng;NULL;NULL;NULL;NULL;NULL;NULL;NULL;Ess Gram in Use CD-R PB Pk;NULL;Text;NULL;NULL;NULL;2007;2007;319;NULL;0;Учебник;NULL;C:\bk\ISBN\\index.htm;NULL;NULL;NULL;NULL;NULL;NULL;NULL;NULL;NULL;NULL
22;a;m;000  0     n  2 22      i 450 001  \\10.0.1.9\dbf\invbook\1064480RU/IS/BASE/795115999005  020260306093449.9008  0130910s20                          eng u020  a978-0-521-71278-1041  aeng245  aFace2Face. Advanced Student s Book + CDhText260  aCambridgebCambridge University Pressc2009300  a160440  aCambridge653  aУчебник8561 dC:\bk\ISBN\978-0-521-71278-1\index.htm;n  2 22      i 450;RU/IS/BASE/795115999;NULL;978-0-521-71278-1;NULL;eng;NULL;NULL;NULL;NULL;NULL;NULL;NULL;Face2Face. Advanced Student s Book + CD;NULL;Text;NULL;Cambridge;Cambridge University Press;2009;2009;160;Cambridge;0;Учебник;NULL;C:\bk\ISBN\978-0-521-71278-1\index.htm;NULL;NULL;NULL;NULL;NULL;NULL;NULL;NULL;NULL;NULL
23;a;m;000  0     n  2 22      i 450 001  \\10.0.1.9\dbf\invbook\1064510RU/IS/BASE/795116000005  020260306093450.6008  0130910s20                          eng u020  a978-0-521-71279-8041  aeng245  aFace2Face. Advanced WorkbookhText260  aCambridgebCambridge University Pressc2009300  a88440  aCambridge653  aУчебник8561 dC:\bk\ISBN\978-0-521-71279-8\index.htm;n  2 22      i 450;RU/IS/BASE/795116000;NULL;978-0-521-71279-8;NULL;eng;NULL;NULL;NULL;NULL;NULL;NULL;NULL;Face2Face. Advanced Workbook;NULL;Text;NULL;Cambridge;Cambridge University Press;2009;2009;88;Cambridge;0;Учебник;NULL;C:\bk\ISBN\978-0-521-71279-8\index.htm;NULL;NULL;NULL;NULL;NULL;NULL;NULL;NULL;NULL;NULL
24;a;m;000  0     n  2 22      i 450 001  \\10.0.1.9\dbf\invbook\1064500RU/IS/BASE/795116001005  020260306093450.1008  0130910s20                          eng u020  a978-0-521-71280-4041  aeng245  aFace2Face. Advanced Тeacher s BookhText260  aCambridgebCambridge University Pressc2009300  a224440  aCambridge653  aУчебник8561 dC:\bk\ISBN\978-0-521-71280-4\index.htm;n  2 22      i 450;RU/IS/BASE/795116001;NULL;978-0-521-71280-4;NULL;eng;NULL;NULL;NULL;NULL;NULL;NULL;NULL;Face2Face. Advanced Тeacher s Book;NULL;Text;NULL;Cambridge;Cambridge University Press;2009;2009;224;Cambridge;0;Учебник;NULL;C:\bk\ISBN\978-0-521-71280-4\index.htm;NULL;NULL;NULL;NULL;NULL;NULL;NULL;NULL;NULL;NULL
25;a;m;000  0     n  2 22      i 450 001  \\10.0.1.9\dbf\invbook\1064380RU/IS/BASE/795116002005  020260306093450.2008  0130910s20                          eng u020  a978-0-521-60061-3041  aeng245  aFace2Face. Elementary Student s Book + CDhText260  aCambridgebCambridge University Pressc2005300  a160440  aCambridge653  aУчебник8561 dC:\bk\ISBN\978-0-521-60061-3\index.htm;n  2 22      i 450;RU/IS/BASE/795116002;NULL;978-0-521-60061-3;NULL;eng;NULL;NULL;NULL;NULL;NULL;NULL;NULL;Face2Face. Elementary Student s Book + CD;NULL;Text;NULL;Cambridge;Cambridge University Press;2005;2005;160;Cambridge;0;Учебник;NULL;C:\bk\ISBN\978-0-521-60061-3\index.htm;NULL;NULL;NULL;NULL;NULL;NULL;NULL;NULL;NULL;NULL
26;a;m;000  0     n  2 22      i 450 001  \\10.0.1.9\dbf\invbook\1064450RU/IS/BASE/795116003005  020260306093450.3008  0130910s20                          eng u020  a978-0-521-60061-3041  aeng245  aFace2Face. Elementary Student s Book +CDhText260  aCambridgebCambridge University Pressc2005300  a160440  aCambridge653  aУчебник8561 dC:\bk\ISBN\978-0-521-60061-3\index.htm;n  2 22      i 450;RU/IS/BASE/795116003;NULL;978-0-521-60061-3;NULL;eng;NULL;NULL;NULL;NULL;NULL;NULL;NULL;Face2Face. Elementary Student s Book +CD;NULL;Text;NULL;Cambridge;Cambridge University Press;2005;2005;160;Cambridge;0;Учебник;NULL;C:\bk\ISBN\978-0-521-60061-3\index.htm;NULL;NULL;NULL;NULL;NULL;NULL;NULL;NULL;NULL;NULL
27;a;m;000  0     n  2 22      i 450 001  \\10.0.1.9\dbf\invbook\1064260RU/IS/BASE/795116004005  020260306093450.4008  0130910s20                          eng u020  a978-0-521-60792-6041  aeng245  aFace2Face. Elementary WorkbookhText260  aCambridgebCambridge University Pressc2005300  a88440  aCambridge653  aУчебник8561 dC:\bk\ISBN\978-0-521-60792-6\index.htm;n  2 22      i 450;RU/IS/BASE/795116004;NULL;978-0-521-60792-6;NULL;eng;NULL;NULL;NULL;NULL;NULL;NULL;NULL;Face2Face. Elementary Workbook;NULL;Text;NULL;Cambridge;Cambridge University Press;2005;2005;88;Cambridge;0;Учебник;NULL;C:\bk\ISBN\978-0-521-60792-6\index.htm;NULL;NULL;NULL;NULL;NULL;NULL;NULL;NULL;NULL;NULL
28;a;m;000  0     n  2 22      i 450 001  \\10.0.1.9\dbf\invbook\1064360RU/IS/BASE/795116005005  020260306093450.6008  0130910s20                          eng u020  a978-0-521-61371-2041  aeng245  aFace2Face. Elementary Тeacher s BookhText260  aCambridgebCambridge University Pressc2005300  a224440  aCambridge653  aУчебник8561 dC:\bk\ISBN\978-0-521-61371-2\index.htm;n  2 22      i 450;RU/IS/BASE/795116005;NULL;978-0-521-61371-2;NULL;eng;NULL;NULL;NULL;NULL;NULL;NULL;NULL;Face2Face. Elementary Тeacher s Book;NULL;Text;NULL;Cambridge;Cambridge University Press;2005;2005;224;Cambridge;0;Учебник;NULL;C:\bk\ISBN\978-0-521-61371-2\index.htm;NULL;NULL;NULL;NULL;NULL;NULL;NULL;NULL;NULL;NULL
29;a;m;000  0     n  2 22      i 450 001  \\10.0.1.9\dbf\invbook\1064600RU/IS/BASE/795116006005  020260306093450.7008  0130910s20                          eng u020  a978-0-521-60336-2041  aeng245  aFace2Face. Intermediate Student s Book + CDhText260  aCambridgebCambridge University Pressc2006300  a160440  aCambridge653  aУчебник8561 dC:\bk\ISBN\978-0-521-60336-2\index.htm;n  2 22      i 450;RU/IS/BASE/795116006;NULL;978-0-521-60336-2;NULL;eng;NULL;NULL;NULL;NULL;NULL;NULL;NULL;Face2Face. Intermediate Student s Book + CD;NULL;Text;NULL;Cambridge;Cambridge University Press;2006;2006;160;Cambridge;0;Учебник;NULL;C:\bk\ISBN\978-0-521-60336-2\index.htm;NULL;NULL;NULL;NULL;NULL;NULL;NULL;NULL;NULL;NULL
30;a;m;000  0     n  2 22      i 450 001  \\10.0.1.9\dbf\invbook\1064580RU/IS/BASE/795116007005  020260306093450.8008  0130910s20                          eng u020  a978-0-521-67684-7041  aeng245  aFace2Face. Intermediate WorkbookhText260  aCambridgebCambridge University Pressc2006300  a88440  aCambridge653  aУчебник8561 dC:\bk\ISBN\978-0-521-67684-7\index.htm;n  2 22      i 450;RU/IS/BASE/795116007;NULL;978-0-521-67684-7;NULL;eng;NULL;NULL;NULL;NULL;NULL;NULL;NULL;Face2Face. Intermediate Workbook;NULL;Text;NULL;Cambridge;Cambridge University Press;2006;2006;88;Cambridge;0;Учебник;NULL;C:\bk\ISBN\978-0-521-67684-7\index.htm;NULL;NULL;NULL;NULL;NULL;NULL;NULL;NULL;NULL;NULL
31;a;m;000  0     n  2 22      i 450 001  \\10.0.1.9\dbf\invbook\1064620RU/IS/BASE/795116008005  020260306093450.9008  0130910s20                          eng u020  a978-0-521-67685-4041  aeng245  aFace2Face. Intermediate Тeacher s BookhText260  aCambridgebCambridge University Pressc2006300  a224440  aCambridge653  aУчебник8561 dC:\bk\ISBN\978-0-521-67685-4\index.htm;n  2 22      i 450;RU/IS/BASE/795116008;NULL;978-0-521-67685-4;NULL;eng;NULL;NULL;NULL;NULL;NULL;NULL;NULL;Face2Face. Intermediate Тeacher s Book;NULL;Text;NULL;Cambridge;Cambridge University Press;2006;2006;224;Cambridge;0;Учебник;NULL;C:\bk\ISBN\978-0-521-67685-4\index.htm;NULL;NULL;NULL;NULL;NULL;NULL;NULL;NULL;NULL;NULL
32;a;m;000  0     n  2 22      i 450 001  \\10.0.1.9\dbf\invbook\1064730RU/IS/BASE/795116009005  020260306093451.1008  0130910s20                          eng u020  a978-0-521-60335-5041  aeng245  aFace2Face. Pre-intermediate Student s Book +CDhText260  aCambridgebCambridge University Pressc2005300  a160440  aCambridge653  aУчебник8561 dC:\bk\ISBN\978-0-521-60335-5\index.htm;n  2 22      i 450;RU/IS/BASE/795116009;NULL;978-0-521-60335-5;NULL;eng;NULL;NULL;NULL;NULL;NULL;NULL;NULL;Face2Face. Pre-intermediate Student s Book +CD;NULL;Text;NULL;Cambridge;Cambridge University Press;2005;2005;160;Cambridge;0;Учебник;NULL;C:\bk\ISBN\978-0-521-60335-5\index.htm;NULL;NULL;NULL;NULL;NULL;NULL;NULL;NULL;NULL;NULL
33;a;m;000  0     n  2 22      i 450 001  \\10.0.1.9\dbf\invbook\1064630RU/IS/BASE/795116010005  020260306093451.1008  0130910s20                          eng u020  a978-0-521-61397-2041  aeng245  aFace2Face. Pre-intermediate WorkbookhText260  aCambridgebCambridge University Pressc2005300  a88440  aCambridge653  aУчебник8561 dC:\bk\ISBN\978-0-521-61397-2\index.htm;n  2 22      i 450;RU/IS/BASE/795116010;NULL;978-0-521-61397-2;NULL;eng;NULL;NULL;NULL;NULL;NULL;NULL;NULL;Face2Face. Pre-intermediate Workbook;NULL;Text;NULL;Cambridge;Cambridge University Press;2005;2005;88;Cambridge;0;Учебник;NULL;C:\bk\ISBN\978-0-521-61397-2\index.htm;NULL;NULL;NULL;NULL;NULL;NULL;NULL;NULL;NULL;NULL
34;a;m;000  0     n  2 22      i 450 001  \\10.0.1.9\dbf\invbook\1064830RU/IS/BASE/795116011005  020260306093451.2008  0130910s20                          eng u020  a978-0-521-71273-6041  aeng245  aFace2Face. Starter s Book + CDhText260  aCambridgebCambridge University Pressc2009300  a128440  aCambridge653  aУчебник8561 dC:\bk\ISBN\978-0-521-71273-6\index.htm;n  2 22      i 450;RU/IS/BASE/795116011;NULL;978-0-521-71273-6;NULL;eng;NULL;NULL;NULL;NULL;NULL;NULL;NULL;Face2Face. Starter s Book + CD;NULL;Text;NULL;Cambridge;Cambridge University Press;2009;2009;128;Cambridge;0;Учебник;NULL;C:\bk\ISBN\978-0-521-71273-6\index.htm;NULL;NULL;NULL;NULL;NULL;NULL;NULL;NULL;NULL;NULL
35;a;m;000  0     n  2 22      i 450 001  \\10.0.1.9\dbf\invbook\1064930RU/IS/BASE/795116012005  020260306093451.3008  0130910s20                          eng u020  a978-0-521-71275-0041  aeng245  aFace2Face. Starter Teacher s BookhText260  aCambridgebCambridge University Pressc2009300  a176440  aCambridge653  aУчебник8561 dC:\bk\ISBN\978-0-521-71275-0\index.htm;n  2 22      i 450;RU/IS/BASE/795116012;NULL;978-0-521-71275-0;NULL;eng;NULL;NULL;NULL;NULL;NULL;NULL;NULL;Face2Face. Starter Teacher s Book;NULL;Text;NULL;Cambridge;Cambridge University Press;2009;2009;176;Cambridge;0;Учебник;NULL;C:\bk\ISBN\978-0-521-71275-0\index.htm;NULL;NULL;NULL;NULL;NULL;NULL;NULL;NULL;NULL;NULL
36;a;m;000  0     n  2 22      i 450 001  \\10.0.1.9\dbf\invbook\1064560RU/IS/BASE/795116013005  020260306093451.4008  0130910s20                          eng u020  a978-0-521-60337-9041  aeng245  aFace2Face. Upper Intermediate  Student s Book + CDhText260  aCambridgebCambridge University Pressc2007300  a160440  aCambridge653  aУчебник8561 dC:\bk\ISBN\978-0-521-60337-9\index.htm;n  2 22      i 450;RU/IS/BASE/795116013;NULL;978-0-521-60337-9;NULL;eng;NULL;NULL;NULL;NULL;NULL;NULL;NULL;Face2Face. Upper Intermediate  Student s Book + CD;NULL;Text;NULL;Cambridge;Cambridge University Press;2007;2007;160;Cambridge;0;Учебник;NULL;C:\bk\ISBN\978-0-521-60337-9\index.htm;NULL;NULL;NULL;NULL;NULL;NULL;NULL;NULL;NULL;NULL
37;a;m;000  0     n  2 22      i 450 001  \\10.0.1.9\dbf\invbook\1064550RU/IS/BASE/795116014005  020260306093451.5008  0130910s20                          eng u020  a978-0-521-69166-6041  aeng245  aFace2Face. Upper Intermediate Teacher s BookhText260  aCambridgebCambridge University Pressc2007300  a224440  aCambridge653  aУчебник8561 dC:\bk\ISBN\978-0-521-69166-6\index.htm;n  2 22      i 450;RU/IS/BASE/795116014;NULL;978-0-521-69166-6;NULL;eng;NULL;NULL;NULL;NULL;NULL;NULL;NULL;Face2Face. Upper Intermediate Teacher s Book;NULL;Text;NULL;Cambridge;Cambridge University Press;2007;2007;224;Cambridge;0;Учебник;NULL;C:\bk\ISBN\978-0-521-69166-6\index.htm;NULL;NULL;NULL;NULL;NULL;NULL;NULL;NULL;NULL;NULL
38;a;m;000  0     n  2 22      i 450 001  \\10.0.1.9\dbf\invbook\1064530RU/IS/BASE/795116015005  020260306093451.6008  0130910s20                          eng u020  a978-0-521-69165-9041  aeng245  aFace2Face. Upper Intermediate WorkbookhText260  aCambridgebCambridge University Pressc2007300  a88440  aCambridge653  aУчебник8561 dC:\bk\ISBN\978-0-521-69165-9\index.htm;n  2 22      i 450;RU/IS/BASE/795116015;NULL;978-0-521-69165-9;NULL;eng;NULL;NULL;NULL;NULL;NULL;NULL;NULL;Face2Face. Upper Intermediate Workbook;NULL;Text;NULL;Cambridge;Cambridge University Press;2007;2007;88;Cambridge;0;Учебник;NULL;C:\bk\ISBN\978-0-521-69165-9\index.htm;NULL;NULL;NULL;NULL;NULL;NULL;NULL;NULL;NULL;NULL
41;a;m;000  0     n  2 22      i 450 001  \\10.0.1.9\dbf\invbook\1231420RU/IS/BASE/795116018005  020260306093451.7008  0210401s20                          eng u020  a978-0-19-477020-0041  aeng245  aNew Headway Intermediate StudentsbookhText260  aOxfordbOxford University Pressc2016300  a160653  aУчебное пособие8561 d1;n  2 22      i 450;RU/IS/BASE/795116018;NULL;978-0-19-477020-0;NULL;eng;NULL;NULL;NULL;NULL;NULL;NULL;NULL;New Headway Intermediate Studentsbook;NULL;Text;NULL;Oxford;Oxford University Press;2016;2016;160;NULL;0;Учебное пособие;NULL;1;NULL;NULL;NULL;NULL;NULL;NULL;NULL;NULL;NULL;NULL
42;a;m;000  0     n  2 22      i 450 001  \\10.0.1.9\dbf\invbook\1231440RU/IS/BASE/795116019005  020260306093451.8008  0210401s20                          eng u020  a987-0-19-476966-2041  aeng245  aNew Headway Intermediate StudentsbookhText260  aOxfordbOxford University Pressc2017300  a160653  aУчебное пособие8561 d1;n  2 22      i 450;RU/IS/BASE/795116019;NULL;987-0-19-476966-2;NULL;eng;NULL;NULL;NULL;NULL;NULL;NULL;NULL;New Headway Intermediate Studentsbook;NULL;Text;NULL;Oxford;Oxford University Press;2017;2017;160;NULL;0;Учебное пособие;NULL;1;NULL;NULL;NULL;NULL;NULL;NULL;NULL;NULL;NULL;NULL
43;a;m;000  0     n  2 22      i 450 001  \\10.0.1.9\dbf\invbook\1231410RU/IS/BASE/795116020005  020260306093451.9008  0210401s20                          eng u020  a978-0-19-477022-4041  aeng245  aNew Headway Intermediate Workbook without keyhText260  aOxfordbOxford University Pressc2014300  a95653  aУчебное пособие8561 d1;n  2 22      i 450;RU/IS/BASE/795116020;NULL;978-0-19-477022-4;NULL;eng;NULL;NULL;NULL;NULL;NULL;NULL;NULL;New Headway Intermediate Workbook without key;NULL;Text;NULL;Oxford;Oxford University Press;2014;2014;95;NULL;0;Учебное пособие;NULL;1;NULL;NULL;NULL;NULL;NULL;NULL;NULL;NULL;NULL;NULL
44;a;m;000  0     n  2 22      i 450 001  \\10.0.1.9\dbf\invbook\1231430RU/IS/BASE/795116021005  020260306093452.6008  0210401s20                          eng u020  a978-0-19-476964-8041  aeng080  a81245  aNew Headway Intermediate Workbook without keyhText260  aOxfordbOxford University Pressc2016300  a104653  aУчебное пособие8561 d1;n  2 22      i 450;RU/IS/BASE/795116021;NULL;978-0-19-476964-8;NULL;eng;81;NULL;NULL;NULL;NULL;NULL;NULL;New Headway Intermediate Workbook without key;NULL;Text;NULL;Oxford;Oxford University Press;2016;2016;104;NULL;0;Учебное пособие;NULL;1;NULL;NULL;NULL;NULL;NULL;NULL;NULL;NULL;NULL;NULL
47;a;m;000  0     n  2 22      i 450 001  \\10.0.1.9\dbf\invbook\963440RU/IS/BASE/795116024005  020260306093452.1008  0110511s20                          eng u020  a9780521603355041  aeng245  aPre-Intermediate Std BkhText260  c2005300  a160bил.653  aУчебник8561 dC:\bk\ISBN\9780521603355\index.htm;n  2 22      i 450;RU/IS/BASE/795116024;NULL;9780521603355;NULL;eng;NULL;NULL;NULL;NULL;NULL;NULL;NULL;Pre-Intermediate Std Bk;NULL;Text;NULL;NULL;NULL;2005;2005;160;NULL;0;Учебник;NULL;C:\bk\ISBN\9780521603355\index.htm;NULL;NULL;NULL;NULL;NULL;NULL;NULL;NULL;NULL;NULL
48;a;m;000  0     n  2 22      i 450 001  \\10.0.1.9\dbf\invbook\963460RU/IS/BASE/795116025005  020260306093452.2008  0110511s20                          eng u020  a9780521613972041  aeng245  aPre-Intermediate Std Bk WorkBook & KeyhText260  c2005300  a88bил.653  aУчебник8561 dC:\bk\ISBN\9780521613972\index.htm;n  2 22      i 450;RU/IS/BASE/795116025;NULL;9780521613972;NULL;eng;NULL;NULL;NULL;NULL;NULL;NULL;NULL;Pre-Intermediate Std Bk WorkBook & Key;NULL;Text;NULL;NULL;NULL;2005;2005;88;NULL;0;Учебник;NULL;C:\bk\ISBN\9780521613972\index.htm;NULL;NULL;NULL;NULL;NULL;NULL;NULL;NULL;NULL;NULL
49;a;m;000  0     n  2 22      i 450 001  \\10.0.1.9\dbf\invbook\1307770RU/IS/BASE/795116026005  020260306093452.3008  0240122s20                          rus u020  a978-5-4488-1687-1041  arus245  aPython жоғары деңгейлі тілде бағдарламалау: оқу құралыhТекст260  aСаратовbПрофобразованиеc2023300  a190653  aОқу құралы8561 d1;n  2 22      i 450;RU/IS/BASE/795116026;NULL;978-5-4488-1687-1;NULL;rus;NULL;NULL;NULL;NULL;NULL;NULL;NULL;Python жоғары деңгейлі тілде бағдарламалау: оқу құралы;NULL;Текст;NULL;Саратов;Профобразование;2023;2023;190;NULL;0;Оқу құралы;NULL;1;NULL;NULL;NULL;NULL;NULL;NULL;NULL;NULL;NULL;NULL
50;a;m;000  0     n  2 22      i 450 001  \\10.0.1.9\dbf\invbook\1448150RU/IS/BASE/795116027005  020260306093452.4008  0241122s20||||||kz |||||||||||000|||eng|u013  bkz020  a978-0-470-55499-9040  dКаталог традиционных изданий041  aeng080  a6090  a640.4fаб.1-3097  bМусаева К.Б.1001 aMihael C.S.245  aThe Cornell School of Hotel Administration on HospitalityhTextbTextbook260  aКанадаc2011300  a500 p5411 n3 psc7001 aJack B.C7001 aRohit Verma952  aКУИdФакультет экономики и сервисаeТуризм и сервисj6В11126 - Ресторанное дело и гостиничный бизнес990  d2025e04.2025.f24.04.2025;n  2 22      i 450;RU/IS/BASE/795116027;kz;978-0-470-55499-9;Каталог традиционных изданий;eng;6;640.4;NULL;аб.1-3;NULL;Мусаева К.Б.;Mihael C.S.;The Cornell School of Hotel Administration on Hospitality;Textbook;Text;NULL;Канада;NULL;2011;2011;500;NULL;3;NULL;Jack B.C;NULL;NULL;КУИ;Факультет экономики и сервиса;Туризм и сервис;NULL;6В11126 - Ресторанное дело и гостиничный бизнес;2025;04.2025.;24.04.2025;NULL
51;a;m;000  0     n  2 22      i 450 001  \\10.0.1.9\dbf\invbook\907830RU/IS/BASE/795116028005  020260306093452.5008  0100117s20                          eng u041  aeng245  aThe Oxford Russian DictionarybАнгло-русский словарьhText260  c2009300  a0653  aНаучная8561 dC:\bk\ISBN\\index.htm;n  2 22      i 450;RU/IS/BASE/795116028;NULL;NULL;NULL;eng;NULL;NULL;NULL;NULL;NULL;NULL;NULL;The Oxford Russian Dictionary;Англо-русский словарь;Text;NULL;NULL;NULL;2009;2009;0;NULL;0;Научная;NULL;C:\bk\ISBN\\index.htm;NULL;NULL;NULL;NULL;NULL;NULL;NULL;NULL;NULL;NULL
52;a;m;000  0     n  2 22      i 450 001  \\10.0.1.9\dbf\invbook\1192820RU/IS/BASE/795116029005  020260306093452.7008  0200105s20                          eng u020  a978-1-90757-554-9041  aeng245  aTourism & Hospitality: Teacher Book: учебно-методическое пособиеhText260  c2014300  a0653  aУчебно-методическое пособие8561 d1;n  2 22      i 450;RU/IS/BASE/795116029;NULL;978-1-90757-554-9;NULL;eng;NULL;NULL;NULL;NULL;NULL;NULL;NULL;Tourism & Hospitality: Teacher Book: учебно-методическое пособие;NULL;Text;NULL;NULL;NULL;2014;2014;0;NULL;0;Учебно-методическое пособие;NULL;1;NULL;NULL;NULL;NULL;NULL;NULL;NULL;NULL;NULL;NULL
53;a;m;000  0     n  2 22      i 450 001  \\10.0.1.9\dbf\invbook\1192830RU/IS/BASE/795116030005  020260306093452.8008  0200105s20                          eng u020  a978-1-90861-447-6041  aeng245  aTourism & Hospitality: Workbook: учебно-методическое пособиеhText260  c2014300  a76653  aУчебно-методическое пособие8561 d1;n  2 22      i 450;RU/IS/BASE/795116030;NULL;978-1-90861-447-6;NULL;eng;NULL;NULL;NULL;NULL;NULL;NULL;NULL;Tourism & Hospitality: Workbook: учебно-методическое пособие;NULL;Text;NULL;NULL;NULL;2014;2014;76;NULL;0;Учебно-методическое пособие;NULL;1;NULL;NULL;NULL;NULL;NULL;NULL;NULL;NULL;NULL;NULL
54;a;m;000  0     n  2 22      i 450 001  \\10.0.1.9\dbf\invbook\1480140RU/IS/BASE/795116031005  020260306093452.9008  0241010s20                          eng u041  aeng245  aTourism Hospitality and eventshText260  c2023300  a242650  aТуризм653  aУчебное пособие8561 d1;n  2 22      i 450;RU/IS/BASE/795116031;NULL;NULL;NULL;eng;NULL;NULL;NULL;NULL;NULL;NULL;NULL;Tourism Hospitality and events;NULL;Text;NULL;NULL;NULL;2023;2023;242;NULL;0;Учебное пособие;NULL;1;NULL;NULL;NULL;NULL;NULL;NULL;NULL;NULL;NULL;NULL
57;a;m;"000  0     n  2 22      i 450 001  \\10.0.1.9\dbf\invbook\1423140RU/IS/BASE/795116034005  020260306093453.3008  0240625s20                          rus u020  a978-601-08-0706-6041  arus245  aАбайдың философиялық іліміндегі ""толық адам"" тұжырымдамасы және қазіргі заман: ұжымдық монографияhТекст260  aАлматыc2022300  a290653  aНаучная8561 d1";n  2 22      i 450;RU/IS/BASE/795116034;NULL;978-601-08-0706-6;NULL;rus;NULL;NULL;NULL;NULL;NULL;NULL;NULL;"Абайдың философиялық іліміндегі ""толық адам"" тұжырымдамасы және қазіргі заман: ұжымдық монография";NULL;Текст;NULL;Алматы;NULL;2022;2022;290;NULL;0;Научная;NULL;1;NULL;NULL;NULL;NULL;NULL;NULL;NULL;NULL;NULL;NULL
59;a;m;000  0     n  2 22      i 450 001  \\10.0.1.9\dbf\invbook\1236160RU/IS/BASE/795116036005  020260306093453.1008  0210429s20                          rus u041  arus245  aАзаматтық қорғаныс бойынша оқу құралыhТекст260  aАлматыbАзаматтық қорғау республикалық оқу-әдістемелік орталығыc2020300  a144653  aОқу құралы8561 d5;n  2 22      i 450;RU/IS/BASE/795116036;NULL;NULL;NULL;rus;NULL;NULL;NULL;NULL;NULL;NULL;NULL;Азаматтық қорғаныс бойынша оқу құралы;NULL;Текст;NULL;Алматы;Азаматтық қорғау республикалық оқу-әдістемелік орталығы;2020;2020;144;NULL;0;Оқу құралы;NULL;5;NULL;NULL;NULL;NULL;NULL;NULL;NULL;NULL;NULL;NULL
61;a;m;000  0     n  2 22      i 450 001  \\10.0.1.9\dbf\invbook\1252390RU/IS/BASE/795116038005  020260306093453.2008  0250304s20                          rus u020  a978-601-302-801-9041  arus245  aАзық-түлік тауарларын тану және сараптау: оқу құралыhТекст260  aАстанаbФолиантc2018300  a432653  aОқу құралы8561 d1;n  2 22      i 450;RU/IS/BASE/795116038;NULL;978-601-302-801-9;NULL;rus;NULL;NULL;NULL;NULL;NULL;NULL;NULL;Азық-түлік тауарларын тану және сараптау: оқу құралы;NULL;Текст;NULL;Астана;Фолиант;2018;2018;432;NULL;0;Оқу құралы;NULL;1;NULL;NULL;NULL;NULL;NULL;NULL;NULL;NULL;NULL;NULL
63;a;m;000  0     n  2 22      i 450 001  \\10.0.1.9\dbf\invbook\1424130RU/IS/BASE/795116040005  020260306093453.3008  0240625s20                          rus u041  arus245  aАктуальные вопросы учета и управления в условиях информационной экономики: сборник научных трудовhТекст260  aСевастопольbСевастопольский государственный университетc2023300  a665653  aСборник статей8561 d1;n  2 22      i 450;RU/IS/BASE/795116040;NULL;NULL;NULL;rus;NULL;NULL;NULL;NULL;NULL;NULL;NULL;Актуальные вопросы учета и управления в условиях информационной экономики: сборник научных трудов;NULL;Текст;NULL;Севастополь;Севастопольский государственный университет;2023;2023;665;NULL;0;Сборник статей;NULL;1;NULL;NULL;NULL;NULL;NULL;NULL;NULL;NULL;NULL;NULL
66;a;m;000  0     n  2 22      i 450 001  \\10.0.1.9\dbf\invbook\1227910RU/IS/BASE/795116043005  020260306093453.4008  0210330s20                          rus u020  a978-601-7240-70-7041  arus245  aАқша кредит,банктерhТекстcБеймұратов У.Б.260  aАстанаbКазЭКХСУ БПОc2013300  a578653  aОқулық8561 d5;n  2 22      i 450;RU/IS/BASE/795116043;NULL;978-601-7240-70-7;NULL;rus;NULL;NULL;NULL;NULL;NULL;NULL;NULL;Ақша кредит,банктер;NULL;Текст;NULL;Астана;КазЭКХСУ БПО;2013;2013;578;NULL;0;Оқулық;NULL;5;NULL;NULL;NULL;NULL;NULL;NULL;NULL;NULL;NULL;NULL
67;a;m;"000  0     n  2 22      i 450 001  \\10.0.1.9\dbf\invbook\1278850RU/IS/BASE/795116044005  020260306093453.5008  0221213s20                          rus u020  a978-601-07-1199-0041  arus245  aАлғашқы әскери және технологиялық дайындық ; 10-сыныпhТекст260  aАлматыbМектепc2019300  a208653  aОқулық8561 d25";n  2 22      i 450;RU/IS/BASE/795116044;NULL;978-601-07-1199-0;NULL;rus;NULL;NULL;NULL;NULL;NULL;NULL;NULL;"Алғашқы әскери және технологиялық дайындық ; 10-сынып";NULL;Текст;NULL;Алматы;Мектеп;2019;2019;208;NULL;0;Оқулық;NULL;25;NULL;NULL;NULL;NULL;NULL;NULL;NULL;NULL;NULL;NULL
68;a;m;"000  0     n  2 22      i 450 001  \\10.0.1.9\dbf\invbook\1279100RU/IS/BASE/795116045005  020260306093453.6008  0221213s20                          rus u020  a978-601-07-1200-3041  arus245  aАлгашқы әскери және технологиялық дайындық ; 10-сынып 2-бөлімhТекст260  aАлматыbМектепc2019300  a144653  aОқулық8561 d25";n  2 22      i 450;RU/IS/BASE/795116045;NULL;978-601-07-1200-3;NULL;rus;NULL;NULL;NULL;NULL;NULL;NULL;NULL;"Алгашқы әскери және технологиялық дайындық ; 10-сынып 2-бөлім";NULL;Текст;NULL;Алматы;Мектеп;2019;2019;144;NULL;0;Оқулық;NULL;25;NULL;NULL;NULL;NULL;NULL;NULL;NULL;NULL;NULL;NULL
69;a;m;000  0     n  2 22      i 450 001  \\10.0.1.9\dbf\invbook\1251780RU/IS/BASE/795116046005  020260306093453.8008  0210628s20                          rus u020  a978-601-07-1183-9041  arus245  aАлгебра и начала анализа 10 класс Часть1hТекст260  aАлматыbМектепc2019300  a240653  aУчебник8561 d3;n  2 22      i 450;RU/IS/BASE/795116046;NULL;978-601-07-1183-9;NULL;rus;NULL;NULL;NULL;NULL;NULL;NULL;NULL;Алгебра и начала анализа 10 класс Часть1;NULL;Текст;NULL;Алматы;Мектеп;2019;2019;240;NULL;0;Учебник;NULL;3;NULL;NULL;NULL;NULL;NULL;NULL;NULL;NULL;NULL;NULL
70;a;m;000  0     n  2 22      i 450 001  \\10.0.1.9\dbf\invbook\1251810RU/IS/BASE/795116047005  020260306093453.9008  0210628s20                          rus u020  a978-601-07-1184-6041  arus245  aАлгебра и начала анализа 10 класс Часть2hТекст260  aАлматыbМектепc2019300  a176653  aУчебник8561 d3;n  2 22      i 450;RU/IS/BASE/795116047;NULL;978-601-07-1184-6;NULL;rus;NULL;NULL;NULL;NULL;NULL;NULL;NULL;Алгебра и начала анализа 10 класс Часть2;NULL;Текст;NULL;Алматы;Мектеп;2019;2019;176;NULL;0;Учебник;NULL;3;NULL;NULL;NULL;NULL;NULL;NULL;NULL;NULL;NULL;NULL
73;a;m;000  0     n  2 22      i 450 001  0RU/IS/BASE/823109975005  020260306093454.1008  0191018s20||||||ru |||||||||||000|||rus|u020  a978-5-17-104735-1040  dКаталог традиционных изданий041  arus080  a6090  a611fаб.3-4xБ45097  bКалинина Н.М.245  aАнатомия для художниковhТекстbУчебно - методическое пособие260  aМ.bАСТc2019300  a128 с.bил.440 0aСПО5411 n4экз653  aанатомия6531 aтуловище6531 aвид профиля7001 aСтепанова А.952  aКУРdКолледжj06130100 - Программное обеспечение990  d2025eиюльf16.07.2025;n  2 22      i 450;RU/IS/BASE/823109975;NULL;978-5-17-104735-1;Каталог традиционных изданий;rus;6;611;NULL;аб.3-4;Б45;Калинина Н.М.;NULL;Анатомия для художников;Учебно - методическое пособие;Текст;NULL;М.;АСТ;2019;2019;128;СПО;4;"анатомия; туловище; вид профиля";Степанова А.;NULL;NULL;КУР;Колледж;NULL;NULL;06130100 - Программное обеспечение;2025;июль;16.07.2025;NULL
75;a;m;000  0     n  2 22      i 450 001  \\10.0.1.9\dbf\invbook\1053390RU/IS/BASE/795116052005  020260306093454.1008  0121121s20||||||kz||||||||||||000|||eng|u013  bkz020  a978-0-19-861006-9040  dКаталог традиционных изданий041  aeng080  a8090  a802fаб.1-3xP78097  bКалинина Н.М.1001 aThompson D.24510aPocket Oxford Russian DictionarybThird editionhText260  aNew YorkbOxford University Pressc2012300  a920 c5411 n3 экз901  tm952  aКСИdФакультет экономики и сервисаeСоциально-гуманитарные дисциплиныjВсе специальности990  d2025e05.2025f30.05.2025;n  2 22      i 450;RU/IS/BASE/795116052;kz;978-0-19-861006-9;Каталог традиционных изданий;eng;8;802;NULL;аб.1-3;P78;Калинина Н.М.;Thompson D.;Pocket Oxford Russian Dictionary;Third edition;Text;NULL;New York;Oxford University Press;2012;2012;920;NULL;3;NULL;NULL;NULL;m;КСИ;Факультет экономики и сервиса;Социально-гуманитарные дисциплины;NULL;Все специальности;2025;05.2025;30.05.2025;NULL
76;a;m;000  0     n  2 22      i 450 001  \\10.0.1.9\dbf\invbook\907860RU/IS/BASE/795116053005  020260306093454.2008  0100117s20                          eng u041  aeng245  aАнгло-русский словарь по информационным технологиямhText260  c2008300  a0653  aНаучная8561 dC:\bk\ISBN\\index.htm;n  2 22      i 450;RU/IS/BASE/795116053;NULL;NULL;NULL;eng;NULL;NULL;NULL;NULL;NULL;NULL;NULL;Англо-русский словарь по информационным технологиям;NULL;Text;NULL;NULL;NULL;2008;2008;0;NULL;0;Научная;NULL;C:\bk\ISBN\\index.htm;NULL;NULL;NULL;NULL;NULL;NULL;NULL;NULL;NULL;NULL
77;a;m;000  0     n  2 22      i 450 001  \\10.0.1.9\dbf\invbook\1019620RU/IS/BASE/795116054005  020260306093454.3008  0121126s20                          eng u020  a978-5-271-37791-4041  aeng245  aАнгло-русский словарь.Русско-английский словарь.Русско-английский тематический словарь. Краткая грамматика английского языка: 4 книги в однойhText260  aМ.bАстрельc2012300  a511653  aНаучная8561 dC:\bk\ISBN\978-5-271-37791-4\index.htm;n  2 22      i 450;RU/IS/BASE/795116054;NULL;978-5-271-37791-4;NULL;eng;NULL;NULL;NULL;NULL;NULL;NULL;NULL;Англо-русский словарь.Русско-английский словарь.Русско-английский тематический словарь. Краткая грамматика английского языка: 4 книги в одной;NULL;Text;NULL;М.;Астрель;2012;2012;511;NULL;0;Научная;NULL;C:\bk\ISBN\978-5-271-37791-4\index.htm;NULL;NULL;NULL;NULL;NULL;NULL;NULL;NULL;NULL;NULL
78;a;m;000  0     n  2 22      i 450 001  \\10.0.1.9\dbf\invbook\907730RU/IS/BASE/795116055005  020260306093454.4008  0100114s20                          eng u041  aeng245  aАнгло-русский, русско-английский словарьbТекстhText260  c2007300  a0653  aНаучная8561 dC:\bk\ISBN\\index.htm;n  2 22      i 450;RU/IS/BASE/795116055;NULL;NULL;NULL;eng;NULL;NULL;NULL;NULL;NULL;NULL;NULL;Англо-русский, русско-английский словарь;Текст;Text;NULL;NULL;NULL;2007;2007;0;NULL;0;Научная;NULL;C:\bk\ISBN\\index.htm;NULL;NULL;NULL;NULL;NULL;NULL;NULL;NULL;NULL;NULL
80;a;m;000  0     n  2 22      i 450 001  \\10.0.1.9\dbf\invbook\1190770RU/IS/BASE/795116057005  020260317133936.6008  0191227|||||||||ru |||||||||||||||||rus||013  bkz020  a978-5-534-08676-8040  dКаталог традиционных изданий041  arus080  a3090  a338fаб. 1 - 1xА 72097  bСайлаубек А.245  aАнтикризисное управление: механизмы государства, технологии бизнеса: учебник и практикум. В 2 ч. Часть 2hТекстbУчебникcПод Общ.Ред. А.З.БобылевойzТекст (визуальный) : непосредственный260  aМ.bЮрайт-Мc2019300  a279336  bige2isbdcontent337  bn2isbdmedia440  aБакалавр. Академический курс653  aАнтикризисное управление: aМеханизмы государства aТехнологии бизнеса: 852  hА 952  aКУРdФакультет экономики и сервисаeЭкономика и управлениеj6В04110 - Экономика990  d2026e03f17.03.2026;n  2 22      i 450;RU/IS/BASE/795116057;kz;978-5-534-08676-8;Каталог традиционных изданий;rus;3;338;NULL;аб. 1 - 1;А 72;Сайлаубек А.;NULL;Антикризисное управление: механизмы государства, технологии бизнеса: учебник и практикум. В 2 ч. Часть 2;Учебник;Текст;Текст (визуальный) : непосредственный;М.;Юрайт-М;2019;2019;279;Бакалавр. Академический курс;0;"Антикризисное управление:; Механизмы государства; Технологии бизнеса:";NULL;NULL;NULL;КУР;Факультет экономики и сервиса;Экономика и управление;NULL;6В04110 - Экономика;2026;03;17.03.2026;NULL
81;a;m;000  0     n  2 22      i 450 001  \\10.0.1.9\dbf\invbook\1190780RU/IS/BASE/795116058005  020260306093454.6008  0191227s20                          rus u020  a978-5-534-08675-1041  arus245  aАнтикризисное управление: механизмы государства, технологии бизнеса: учебник и практикум. В 2 ч. Часть 1hТекстcПод Общ.Ред. А.З.Бобылевой260  aМ.bЮрайт-Мc2019300  a284440  aБакалавр. Академический курс653  aУчебник8561 d1;n  2 22      i 450;RU/IS/BASE/795116058;NULL;978-5-534-08675-1;NULL;rus;NULL;NULL;NULL;NULL;NULL;NULL;NULL;Антикризисное управление: механизмы государства, технологии бизнеса: учебник и практикум. В 2 ч. Часть 1;NULL;Текст;NULL;М.;Юрайт-М;2019;2019;284;Бакалавр. Академический курс;0;Учебник;NULL;1;NULL;NULL;NULL;NULL;NULL;NULL;NULL;NULL;NULL;NULL
82;a;m;000  0     n  2 22      i 450 001  \\10.0.1.9\dbf\invbook\1252380RU/IS/BASE/795116059005  020260306093454.7008  0210517s20                          rus u020  a978 -601-338-379-8041  arus245  aАппаратное обеспечение компьютера: УчебникhТекст260  aНур-СултанbФолиантc2021300  a416653  aУчебник8561 d1;n  2 22      i 450;RU/IS/BASE/795116059;NULL;978 -601-338-379-8;NULL;rus;NULL;NULL;NULL;NULL;NULL;NULL;NULL;Аппаратное обеспечение компьютера: Учебник;NULL;Текст;NULL;Нур-Султан;Фолиант;2021;2021;416;NULL;0;Учебник;NULL;1;NULL;NULL;NULL;NULL;NULL;NULL;NULL;NULL;NULL;NULL
83;a;m;000  0     n  2 22      i 450 001  \\10.0.1.9\dbf\invbook\1227170RU/IS/BASE/795116060005  020260306093454.8008  0210401s20                          rus u020  a978-601-247-396-4041  arus245  aАрнайы оқу бөліміндегі дене тәрбиесі оқу үрдісінің технологиясы: Оқу құралыhТекст260  aАлматыc2012300  a94653  aОқу құралы8561 d1;n  2 22      i 450;RU/IS/BASE/795116060;NULL;978-601-247-396-4;NULL;rus;NULL;NULL;NULL;NULL;NULL;NULL;NULL;Арнайы оқу бөліміндегі дене тәрбиесі оқу үрдісінің технологиясы: Оқу құралы;NULL;Текст;NULL;Алматы;NULL;2012;2012;94;NULL;0;Оқу құралы;NULL;1;NULL;NULL;NULL;NULL;NULL;NULL;NULL;NULL;NULL;NULL
85;a;m;000  0     n  2 22      i 450 001  \\10.0.1.9\dbf\invbook\1188730RU/IS/BASE/795116062005  020260306093454.9008  0191226s20                          rus u020  a978-5-699-79610-6041  arus245  aАрхитектура. Для тех, кто хочет все успетьhТекст260  aМ.bЭКСМОc2019300  a128653  aУчебно-методическое пособие8561 d1;n  2 22      i 450;RU/IS/BASE/795116062;NULL;978-5-699-79610-6;NULL;rus;NULL;NULL;NULL;NULL;NULL;NULL;NULL;Архитектура. Для тех, кто хочет все успеть;NULL;Текст;NULL;М.;ЭКСМО;2019;2019;128;NULL;0;Учебно-методическое пособие;NULL;1;NULL;NULL;NULL;NULL;NULL;NULL;NULL;NULL;NULL;NULL
86;a;m;000  0     n  2 22      i 450 001  \\10.0.1.9\dbf\invbook\1413420RU/IS/BASE/795116063005  020260306093455.9008  0240611s20                          rus u020  a978-5-9647-0345-7041  arus245  aАрхитектурные констукции:Учебное пособиеhТекст260  aМ.bАрхитектура С.c2021300  a344653  aУчебное пособие8561 d1;n  2 22      i 450;RU/IS/BASE/795116063;NULL;978-5-9647-0345-7;NULL;rus;NULL;NULL;NULL;NULL;NULL;NULL;NULL;Архитектурные констукции:Учебное пособие;NULL;Текст;NULL;М.;Архитектура С.;2021;2021;344;NULL;0;Учебное пособие;NULL;1;NULL;NULL;NULL;NULL;NULL;NULL;NULL;NULL;NULL;NULL
87;a;m;000  0     n  2 22      i 450 001  \\10.0.1.9\dbf\invbook\1158520RU/IS/BASE/795116064005  020260306093455.2008  0160623s20                          rus u020  a978-9965-09-796-6041  arus245  aАрыстан жалды заңғар жазушыhТекст260  aАлматыbБілімc2013300  a592440  aҚР Жоғары оқу орындарының қауымдастығы653  aХудожественная8561 dC:\bk\ISBN\978-9965-09-796-6\index.htm;n  2 22      i 450;RU/IS/BASE/795116064;NULL;978-9965-09-796-6;NULL;rus;NULL;NULL;NULL;NULL;NULL;NULL;NULL;Арыстан жалды заңғар жазушы;NULL;Текст;NULL;Алматы;Білім;2013;2013;592;ҚР Жоғары оқу орындарының қауымдастығы;0;Художественная;NULL;C:\bk\ISBN\978-9965-09-796-6\index.htm;NULL;NULL;NULL;NULL;NULL;NULL;NULL;NULL;NULL;NULL
88;a;m;000  0     n  2 22      i 450 001  \\10.0.1.9\dbf\invbook\1162640RU/IS/BASE/795116065005  020260306093455.3008  0190529s20                          rus u020  a978-601-280-590-1041  arus245  aАссамблея народа Казахстана в истории страныhТекст260  aАлматыbKAZakparatc2015300  a264bил.653  aНаучная8561 dC:\bk\ISBN\978-601-280-590-1\index.htm;n  2 22      i 450;RU/IS/BASE/795116065;NULL;978-601-280-590-1;NULL;rus;NULL;NULL;NULL;NULL;NULL;NULL;NULL;Ассамблея народа Казахстана в истории страны;NULL;Текст;NULL;Алматы;KAZakparat;2015;2015;264;NULL;0;Научная;NULL;C:\bk\ISBN\978-601-280-590-1\index.htm;NULL;NULL;NULL;NULL;NULL;NULL;NULL;NULL;NULL;NULL
89;a;m;000  0     n  2 22      i 450 001  \\10.0.1.9\dbf\invbook\1162670RU/IS/BASE/795116066005  020260306093455.4008  0190529s20                          rus u020  a978-601-287-133-3041  arus245  aАссамблея народа Казахстана: История двух десятилетийhТекст260  aАлматыbKAZakparatc2015300  a326bил.653  aНаучная8561 dC:\bk\ISBN\978-601-287-133-3\index.htm;n  2 22      i 450;RU/IS/BASE/795116066;NULL;978-601-287-133-3;NULL;rus;NULL;NULL;NULL;NULL;NULL;NULL;NULL;Ассамблея народа Казахстана: История двух десятилетий;NULL;Текст;NULL;Алматы;KAZakparat;2015;2015;326;NULL;0;Научная;NULL;C:\bk\ISBN\978-601-287-133-3\index.htm;NULL;NULL;NULL;NULL;NULL;NULL;NULL;NULL;NULL;NULL
90;a;m;000  0     n  2 22      i 450 001  \\10.0.1.9\dbf\invbook\917770RU/IS/BASE/795116067005  020260306093455.5008  0100519s20                          rus u041  arus245  aАссортимент и унифицированная технология поузловой обработки верхней мужской одеждыhТекст260  c2006300  a0653  aУчебник8561 dC:\bk\ISBN\\index.htm;n  2 22      i 450;RU/IS/BASE/795116067;NULL;NULL;NULL;rus;NULL;NULL;NULL;NULL;NULL;NULL;NULL;Ассортимент и унифицированная технология поузловой обработки верхней мужской одежды;NULL;Текст;NULL;NULL;NULL;2006;2006;0;NULL;0;Учебник;NULL;C:\bk\ISBN\\index.htm;NULL;NULL;NULL;NULL;NULL;NULL;NULL;NULL;NULL;NULL
91;a;m;000  0     n  2 22      i 450 001  \\10.0.1.9\dbf\invbook\917780RU/IS/BASE/795116068005  020260306093455.6008  0100519s20                          rus u041  arus245  aАссортимент и унифицированная технология поузловой обработки комплектных изделий для детейhТекст260  c2006300  a0653  aУчебник8561 dC:\bk\ISBN\\index.htm;n  2 22      i 450;RU/IS/BASE/795116068;NULL;NULL;NULL;rus;NULL;NULL;NULL;NULL;NULL;NULL;NULL;Ассортимент и унифицированная технология поузловой обработки комплектных изделий для детей;NULL;Текст;NULL;NULL;NULL;2006;2006;0;NULL;0;Учебник;NULL;C:\bk\ISBN\\index.htm;NULL;NULL;NULL;NULL;NULL;NULL;NULL;NULL;NULL;NULL
93;a;m;000  0     n  2 22      i 450 001  \\10.0.1.9\dbf\invbook\971640RU/IS/BASE/795116070005  020260306093455.7008  0110622s20                          rus u020  a978-601-0006-5041  arus245  aАстана қаласының ономастикалық атауларының көрсеткіш - анықтамалығыhТекстcЕ. Тілешов, С.Сүлейменов260  aАстанаbСардар баспа үйіc2008300  a303653  aПрочая8561 dC:\bk\ISBN\978-601-0006-5\index.htm;n  2 22      i 450;RU/IS/BASE/795116070;NULL;978-601-0006-5;NULL;rus;NULL;NULL;NULL;NULL;NULL;NULL;NULL;Астана қаласының ономастикалық атауларының көрсеткіш - анықтамалығы;NULL;Текст;NULL;Астана;Сардар баспа үйі;2008;2008;303;NULL;0;Прочая;NULL;C:\bk\ISBN\978-601-0006-5\index.htm;NULL;NULL;NULL;NULL;NULL;NULL;NULL;NULL;NULL;NULL
94;a;m;000  0     n  2 22      i 450 001  \\10.0.1.9\dbf\invbook\972030RU/IS/BASE/795116071005  020260306093455.8008  0110623s20                          rus u020  a9965-34-855-3041  arus245  aАстана: энциклопедияhТекст260  aАлматыbАтамұраc2008300  a576bил.653  aПрочая8561 dC:\bk\ISBN\9965-34-855-3\index.htm;n  2 22      i 450;RU/IS/BASE/795116071;NULL;9965-34-855-3;NULL;rus;NULL;NULL;NULL;NULL;NULL;NULL;NULL;Астана: энциклопедия;NULL;Текст;NULL;Алматы;Атамұра;2008;2008;576;NULL;0;Прочая;NULL;C:\bk\ISBN\9965-34-855-3\index.htm;NULL;NULL;NULL;NULL;NULL;NULL;NULL;NULL;NULL;NULL
95;a;m;000  0     n  2 22      i 450 001  \\10.0.1.9\dbf\invbook\1226560RU/IS/BASE/795116072005  020260306093455.9008  0210401s20                          rus u020  a978-601-225-452-5041  arus245  aАстық кептіру және сақтау технологиясыhТекст260  aАлматыbЭкономикаc2012300  a502653  aОқу құралы8561 d1;n  2 22      i 450;RU/IS/BASE/795116072;NULL;978-601-225-452-5;NULL;rus;NULL;NULL;NULL;NULL;NULL;NULL;NULL;Астық кептіру және сақтау технологиясы;NULL;Текст;NULL;Алматы;Экономика;2012;2012;502;NULL;0;Оқу құралы;NULL;1;NULL;NULL;NULL;NULL;NULL;NULL;NULL;NULL;NULL;NULL
97;a;m;000  0     n  2 22      i 450 001  \\10.0.1.9\dbf\invbook\966260RU/IS/BASE/795116074005  020260306093456.7008  0110602s20||||||kz |||||||||||000|||kaz|u013  bkz020  a9965-776-24-5040  dКаталог традиционных изданий041  akaz080  a8090  a8fаб.1-3xӘ 22097  bМусаева К.Б.245  aӘдебиеттануhМәтінbТерминдер сөздігіcЗ.Ахметов. Т.Шаңбай250  a3-ші басылым260  aСемейbТалер - Прессc2006300  a398 б5411 n3 дана653  aсимвол6531 aтақырып6531 aшежіре952  aКУКdФакультет экономики и сервисаeСоциально-гуманитарные дисциплиныjВсе специальности990  d2025eмамырf19.05.2025;n  2 22      i 450;RU/IS/BASE/795116074;kz;9965-776-24-5;Каталог традиционных изданий;kaz;8;8;NULL;аб.1-3;Ә 22;Мусаева К.Б.;NULL;Әдебиеттану;Терминдер сөздігі;Мәтін;NULL;Семей;Талер - Пресс;2006;2006;398;NULL;3;"символ; тақырып; шежіре";NULL;NULL;NULL;КУК;Факультет экономики и сервиса;Социально-гуманитарные дисциплины;NULL;Все специальности;2025;мамыр;19.05.2025;NULL
98;a;m;000  0     n  2 22      i 450 001  \\10.0.1.9\dbf\invbook\972380RU/IS/BASE/795116075005  020260306093456.1008  0110624s20||||||kz |||||||||||000|||kaz|u013  bkz020  a978-601-06-0005-8040  dКаталог традиционных изданий041  akaz080  a8090  a811fаб.1-10xӘ 26097  bМусаева К.Б.1001 aТілешов Е.Е.245  aӘдістеме әлеміндеhМәтінbҒылыми - әдістемелік жинақ260  aАлматыbСардарc2008300  a368 б5411 n10 дана7001 aӘріпбекова Г.П.7001 aСүлейменов О.Б.952  aКУКdФакультет экономики и сервисаeСоциально-гуманитарные дисциплиныjВсе специальности990  d2025eмамырf13.05.2025;n  2 22      i 450;RU/IS/BASE/795116075;kz;978-601-06-0005-8;Каталог традиционных изданий;kaz;8;811;NULL;аб.1-10;Ә 26;Мусаева К.Б.;Тілешов Е.Е.;Әдістеме әлемінде;Ғылыми - әдістемелік жинақ;Мәтін;NULL;Алматы;Сардар;2008;2008;368;NULL;10;NULL;Әріпбекова Г.П.;NULL;NULL;КУК;Факультет экономики и сервиса;Социально-гуманитарные дисциплины;NULL;Все специальности;2025;мамыр;13.05.2025;NULL
99;a;m;"000  0     n  2 22      i 450 001  \\10.0.1.9\dbf\invbook\973850RU/IS/BASE/795116076005  020260306093456.2008  0110627s20                          rus u020  a9965-642-77-Х041  arus245  aӘлем Қазақстан туралы. Әлем Президент туралы: 1991 жыл:hТекстbТекстcГ. Тәнірбергенова, Қ. Қалилаханова, Б. Имансерікова; Р. Әлімбеков250  a1-ші том260  aАстанаbКүлтегінc2008300  a328653  aНаучная8561 dC:\bk\ISBN\9965-642-77-Х\index.htm";n  2 22      i 450;RU/IS/BASE/795116076;NULL;9965-642-77-Х;NULL;rus;NULL;NULL;NULL;NULL;NULL;NULL;NULL;Әлем Қазақстан туралы. Әлем Президент туралы: 1991 жыл:;Текст;Текст;NULL;Астана;Күлтегін;2008;2008;328;NULL;0;Научная;NULL;C:\bk\ISBN\9965-642-77-Х\index.htm;NULL;NULL;NULL;NULL;NULL;NULL;NULL;NULL;NULL;NULL
100;a;m;000  0     n  2 22      i 450 001  \\10.0.1.9\dbf\invbook\973860RU/IS/BASE/795116077005  020260306093456.3008  0110627s20                          rus u020  a9965-612-24-9041  arus245  aӘлем Қазақстан туралы. Әлем Президент туралы: 1991 жыл:hТекстbТекст250  a2-ші том260  aАстанаbКүлтегінc2009300  a272653  aНаучная8561 dC:\bk\ISBN\9965-612-24-9\index.htm;n  2 22      i 450;RU/IS/BASE/795116077;NULL;9965-612-24-9;NULL;rus;NULL;NULL;NULL;NULL;NULL;NULL;NULL;Әлем Қазақстан туралы. Әлем Президент туралы: 1991 жыл:;Текст;Текст;NULL;Астана;Күлтегін;2009;2009;272;NULL;0;Научная;NULL;C:\bk\ISBN\9965-612-24-9\index.htm;NULL;NULL;NULL;NULL;NULL;NULL;NULL;NULL;NULL;NULL
101;a;m;000  0     n  2 22      i 450 001  \\10.0.1.9\dbf\invbook\973870RU/IS/BASE/795116078005  020260306093456.5008  0110627s20                          rus u020  a9965-642-34-6041  arus245  aӘлем Қазақстан туралы. Әлем Президент туралы: 1992 жыл:hТекстbТекст250  a3-ші том260  aАстанаbКүлтегінc2009300  a304653  aНаучная8561 dC:\bk\ISBN\9965-642-34-6\index.htm;n  2 22      i 450;RU/IS/BASE/795116078;NULL;9965-642-34-6;NULL;rus;NULL;NULL;NULL;NULL;NULL;NULL;NULL;Әлем Қазақстан туралы. Әлем Президент туралы: 1992 жыл:;Текст;Текст;NULL;Астана;Күлтегін;2009;2009;304;NULL;0;Научная;NULL;C:\bk\ISBN\9965-642-34-6\index.htm;NULL;NULL;NULL;NULL;NULL;NULL;NULL;NULL;NULL;NULL
102;a;m;000  0     n  2 22      i 450 001  \\10.0.1.9\dbf\invbook\1423120RU/IS/BASE/795116079005  020260306093456.6008  0240625s20                          rus u020  a2522-4026041  arus245  aӘлеуметтану және саясаттану пәнінің қоғамдық сананы жаңғыртудағы рөлі: ғылыми журналhТекст260  aШымкентc2021300  a200653  aнаучно-практический журнал8561 d1;n  2 22      i 450;RU/IS/BASE/795116079;NULL;2522-4026;NULL;rus;NULL;NULL;NULL;NULL;NULL;NULL;NULL;Әлеуметтану және саясаттану пәнінің қоғамдық сананы жаңғыртудағы рөлі: ғылыми журнал;NULL;Текст;NULL;Шымкент;NULL;2021;2021;200;NULL;0;научно-практический журнал;NULL;1;NULL;NULL;NULL;NULL;NULL;NULL;NULL;NULL;NULL;NULL
104;a;m;000  0     n  2 22      i 450 001  \\10.0.1.9\dbf\invbook\1459200RU/IS/BASE/795116081005  020260306093456.7008  0241217s20                          rus u020  a978-601-338-415-3041  arus245  aБазы данных:УчебниеhТекст260  aНур-СултанbФолиантc2019300  a184653  aУчебник8561 d3;n  2 22      i 450;RU/IS/BASE/795116081;NULL;978-601-338-415-3;NULL;rus;NULL;NULL;NULL;NULL;NULL;NULL;NULL;Базы данных:Учебние;NULL;Текст;NULL;Нур-Султан;Фолиант;2019;2019;184;NULL;0;Учебник;NULL;3;NULL;NULL;NULL;NULL;NULL;NULL;NULL;NULL;NULL;NULL
105;a;m;000  0     n  2 22      i 450 001  \\10.0.1.9\dbf\invbook\1226970RU/IS/BASE/795116082005  020260306093456.8008  0210330s20                          rus u020  a978-601-7528-57-7041  arus245  aБанк ісіhТекст260  aНұр-СұлтанbҚазЭҚХСУ баспасыc2017300  a528653  aОқулық8561 d5;n  2 22      i 450;RU/IS/BASE/795116082;NULL;978-601-7528-57-7;NULL;rus;NULL;NULL;NULL;NULL;NULL;NULL;NULL;Банк ісі;NULL;Текст;NULL;Нұр-Сұлтан;ҚазЭҚХСУ баспасы;2017;2017;528;NULL;0;Оқулық;NULL;5;NULL;NULL;NULL;NULL;NULL;NULL;NULL;NULL;NULL;NULL
106;a;m;000  0     n  2 22      i 450 001  \\10.0.1.9\dbf\invbook\1048890RU/IS/BASE/795116083005  020260306093456.9008  0131110s20                          rus u020  a978-601-225-557-7041  arus245  aБанк ісі: оқулықhТекстcэ.г.д., профессор Искаков Ұ.М.260  aАлматыbЭкономикаc2013300  a776440  aТ.Рысқұлов атындағы ҚазЭУ-дің осы заманғы басылымдары653  aУчебник8561 dC:\bk\ISBN\978-601-225-557-7\index.htm;n  2 22      i 450;RU/IS/BASE/795116083;NULL;978-601-225-557-7;NULL;rus;NULL;NULL;NULL;NULL;NULL;NULL;NULL;Банк ісі: оқулық;NULL;Текст;NULL;Алматы;Экономика;2013;2013;776;Т.Рысқұлов атындағы ҚазЭУ-дің осы заманғы басылымдары;0;Учебник;NULL;C:\bk\ISBN\978-601-225-557-7\index.htm;NULL;NULL;NULL;NULL;NULL;NULL;NULL;NULL;NULL;NULL
108;a;m;000  0     n  2 22      i 450 001  \\10.0.1.9\dbf\invbook\906470RU/IS/BASE/795116085005  020260306093457.3008  0100113s20                          rus u041  arus245  aБанкетные блюдаhТекст260  c2007300  a0bил.653  aПрочая8561 dC:\bk\ISBN\\index.htm;n  2 22      i 450;RU/IS/BASE/795116085;NULL;NULL;NULL;rus;NULL;NULL;NULL;NULL;NULL;NULL;NULL;Банкетные блюда;NULL;Текст;NULL;NULL;NULL;2007;2007;0;NULL;0;Прочая;NULL;C:\bk\ISBN\\index.htm;NULL;NULL;NULL;NULL;NULL;NULL;NULL;NULL;NULL;NULL
109;a;m;000  0     n  2 22      i 450 001  \\10.0.1.9\dbf\invbook\1229650RU/IS/BASE/795116086005  020260306093457.1008  0210401s20                          rus u020  a978-5-534-00095-5041  arus245  aБанки и банковские операции: УчебникhТекст260  aМ.bЮрайт-Издатc2017300  a189653  aУчебник8561 d1;n  2 22      i 450;RU/IS/BASE/795116086;NULL;978-5-534-00095-5;NULL;rus;NULL;NULL;NULL;NULL;NULL;NULL;NULL;Банки и банковские операции: Учебник;NULL;Текст;NULL;М.;Юрайт-Издат;2017;2017;189;NULL;0;Учебник;NULL;1;NULL;NULL;NULL;NULL;NULL;NULL;NULL;NULL;NULL;NULL
110;a;m;000  0     n  2 22      i 450 001  \\10.0.1.9\dbf\invbook\1227840RU/IS/BASE/795116087005  020260306093457.2008  0210401s20                          rus u020  a978-5-534-02111-0041  arus245  aБанки и банковское дело. В 2-ч. Часть 2. УчебникhТекст260  aМ.bЮрайт-Издатc2017300  a159653  aУчебник8561 d1;n  2 22      i 450;RU/IS/BASE/795116087;NULL;978-5-534-02111-0;NULL;rus;NULL;NULL;NULL;NULL;NULL;NULL;NULL;Банки и банковское дело. В 2-ч. Часть 2. Учебник;NULL;Текст;NULL;М.;Юрайт-Издат;2017;2017;159;NULL;0;Учебник;NULL;1;NULL;NULL;NULL;NULL;NULL;NULL;NULL;NULL;NULL;NULL
111;a;m;000  0     n  2 22      i 450 001  \\10.0.1.9\dbf\invbook\1229010RU/IS/BASE/795116088005  020260306093457.3008  0210401s20                          rus u020  a978-5-534-02109-7041  arus245  aБанки и банковское дело: В 2ч.Часть 1: учебник и практикумhТекст260  aМ.bЮрайт-Издатc2017300  a390653  aУчебник8561 d1;n  2 22      i 450;RU/IS/BASE/795116088;NULL;978-5-534-02109-7;NULL;rus;NULL;NULL;NULL;NULL;NULL;NULL;NULL;Банки и банковское дело: В 2ч.Часть 1: учебник и практикум;NULL;Текст;NULL;М.;Юрайт-Издат;2017;2017;390;NULL;0;Учебник;NULL;1;NULL;NULL;NULL;NULL;NULL;NULL;NULL;NULL;NULL;NULL
112;a;m;000  0     n  2 22      i 450 001  \\10.0.1.9\dbf\invbook\1090210RU/IS/BASE/795116089005  020260306093457.4008  0140623s20                          rus u020  a978-5-16-005011-9041  arus245  aБанки и небанковские кредитные организации и их операции: учебникhТекстcпод ред. Е.Ф. Жукова260  aМ.bИНФРА-Мc2014300  a528440  aВузовский учебник653  aУчебник8561 dC:\bk\ISBN\978-5-16-005011-9\index.htm;n  2 22      i 450;RU/IS/BASE/795116089;NULL;978-5-16-005011-9;NULL;rus;NULL;NULL;NULL;NULL;NULL;NULL;NULL;Банки и небанковские кредитные организации и их операции: учебник;NULL;Текст;NULL;М.;ИНФРА-М;2014;2014;528;Вузовский учебник;0;Учебник;NULL;C:\bk\ISBN\978-5-16-005011-9\index.htm;NULL;NULL;NULL;NULL;NULL;NULL;NULL;NULL;NULL;NULL
113;a;m;000  0     n  2 22      i 450 001  \\10.0.1.9\dbf\invbook\906930RU/IS/BASE/795116090005  020260306093457.5008  0100113s20                          rus u041  arus245  aБанковские операцииhТекст260  c2009300  a0653  aНаучная8561 dC:\bk\ISBN\\index.htm;n  2 22      i 450;RU/IS/BASE/795116090;NULL;NULL;NULL;rus;NULL;NULL;NULL;NULL;NULL;NULL;NULL;Банковские операции;NULL;Текст;NULL;NULL;NULL;2009;2009;0;NULL;0;Научная;NULL;C:\bk\ISBN\\index.htm;NULL;NULL;NULL;NULL;NULL;NULL;NULL;NULL;NULL;NULL
118;a;m;000  0     n  2 22      i 450 001  \\10.0.1.9\dbf\invbook\1430110RU/IS/BASE/795116095005  020260306093457.7008  0240927s20                          rus u020  a978-601-7528-42-3041  arus1001 aСейткасимова Г.С.245  aБанковское делоhТекстbУчебник260  aАстанаbКазУЭФМТc2016300  a608 с.653  aУчебник8561 d1;n  2 22      i 450;RU/IS/BASE/795116095;NULL;978-601-7528-42-3;NULL;rus;NULL;NULL;NULL;NULL;NULL;NULL;Сейткасимова Г.С.;Банковское дело;Учебник;Текст;NULL;Астана;КазУЭФМТ;2016;2016;608;NULL;0;Учебник;NULL;1;NULL;NULL;NULL;NULL;NULL;NULL;NULL;NULL;NULL;NULL
119;a;m;000  0     n  2 22      i 450 001  \\10.0.1.9\dbf\invbook\977240RU/IS/BASE/795116096005  020260306093457.8008  0111220|||||||||kz |||||||||||000|||rus|u013  bkz020  a978-601-225-095-4040  dКаталог традиционных изданий041  akaz080  a3090  a657fаб. 1 - 1xБ 26097  bСайлаубек А.1001 aЕржанов А. К.245  aБасқару есебіhМәтінbОқу құралы260  aАлматыbЭкономикаc2009300  a304 б.653  aБасқару есебіaЖіктелуaШығындар есебі7001 aАйтанаева Ә. Қ.952  aКУКdФакультет экономики и сервисаeЭкономика и управлениеiУправленческий учетj6В04103 - Учет и аудит990  d2025e11.2025f18.11.2025;n  2 22      i 450;RU/IS/BASE/795116096;kz;978-601-225-095-4;Каталог традиционных изданий;kaz;3;657;NULL;аб. 1 - 1;Б 26;Сайлаубек А.;Ержанов А. К.;Басқару есебі;Оқу құралы;Мәтін;NULL;Алматы;Экономика;2009;2009;304;NULL;0;"Басқару есебі; Жіктелу; Шығындар есебі";Айтанаева Ә. Қ.;NULL;NULL;КУК;Факультет экономики и сервиса;Экономика и управление;Управленческий учет;6В04103 - Учет и аудит;2025;11.2025;18.11.2025;NULL
123;a;m;000  0     n  2 22      i 450 001  \\10.0.1.9\dbf\invbook\966490RU/IS/BASE/795116100005  020260306093457.9008  0110602s20                          rus u020  a978-5-7695-2991-7041  arus245  aБезопасность жизнедеятельностиhТекстcВ.Н.Павлов, В.А.Буканин, А.Е.Зенков260  aМ.bАкадемияc2008300  a336440  aВысшее образование653  aУчебник8561 dC:\bk\ISBN\978-5-7695-2991-7\index.htm;n  2 22      i 450;RU/IS/BASE/795116100;NULL;978-5-7695-2991-7;NULL;rus;NULL;NULL;NULL;NULL;NULL;NULL;NULL;Безопасность жизнедеятельности;NULL;Текст;NULL;М.;Академия;2008;2008;336;Высшее образование;0;Учебник;NULL;C:\bk\ISBN\978-5-7695-2991-7\index.htm;NULL;NULL;NULL;NULL;NULL;NULL;NULL;NULL;NULL;NULL
124;a;m;000  0     n  2 22      i 450 001  \\10.0.1.9\dbf\invbook\1230230RU/IS/BASE/795116101005  020260306093458.3008  0210408s20                          rus u020  a978-5-4468-7400-2041  arus245  aБезопасность жизнедеятельностиhТекстcАрустамов Э.А.260  aМ.bАкадемияc2018300  a176653  aУчебник8561 d3;n  2 22      i 450;RU/IS/BASE/795116101;NULL;978-5-4468-7400-2;NULL;rus;NULL;NULL;NULL;NULL;NULL;NULL;NULL;Безопасность жизнедеятельности;NULL;Текст;NULL;М.;Академия;2018;2018;176;NULL;0;Учебник;NULL;3;NULL;NULL;NULL;NULL;NULL;NULL;NULL;NULL;NULL;NULL
125;a;m;000  0     n  2 22      i 450 001  \\10.0.1.9\dbf\invbook\1228940RU/IS/BASE/795116102005  020260306093458.1008  0210408s20                          rus u020  a978-5-4468-7515-3041  arus245  aБезопасность жизнедеятельности  и медицина катастрофhТекстcВарющенко С.Б.  Киршин Н.М.260  aМ.bАкадемияc2019300  a336653  aУчебник8561 d3;n  2 22      i 450;RU/IS/BASE/795116102;NULL;978-5-4468-7515-3;NULL;rus;NULL;NULL;NULL;NULL;NULL;NULL;NULL;Безопасность жизнедеятельности  и медицина катастроф;NULL;Текст;NULL;М.;Академия;2019;2019;336;NULL;0;Учебник;NULL;3;NULL;NULL;NULL;NULL;NULL;NULL;NULL;NULL;NULL;NULL
126;a;m;000  0     n  2 22      i 450 001  \\10.0.1.9\dbf\invbook\975170RU/IS/BASE/795116103005  020260306093458.2008  0111115s20                          rus u020  a978-5-7695-5987-7041  arus245  aБезопасность жизнедеятельности в энергетикеhТекст260  aМ.bАкадемияc2010300  a400653  aУчебник8561 dC:\bk\ISBN\978-5-7695-5987-7\index.htm;n  2 22      i 450;RU/IS/BASE/795116103;NULL;978-5-7695-5987-7;NULL;rus;NULL;NULL;NULL;NULL;NULL;NULL;NULL;Безопасность жизнедеятельности в энергетике;NULL;Текст;NULL;М.;Академия;2010;2010;400;NULL;0;Учебник;NULL;C:\bk\ISBN\978-5-7695-5987-7\index.htm;NULL;NULL;NULL;NULL;NULL;NULL;NULL;NULL;NULL;NULL
127;a;m;000  0     n  2 22      i 450 001  \\10.0.1.9\dbf\invbook\1230690RU/IS/BASE/795116104005  020260306093458.3008  0210401s20                          rus u020  a978-5-4468-0523-5041  arus245  aБезопасность жизнедеятельности: учебное пособиеhТекст260  aМ.bАкадемияc2014300  a304653  aУчебное пособие8561 d1;n  2 22      i 450;RU/IS/BASE/795116104;NULL;978-5-4468-0523-5;NULL;rus;NULL;NULL;NULL;NULL;NULL;NULL;NULL;Безопасность жизнедеятельности: учебное пособие;NULL;Текст;NULL;М.;Академия;2014;2014;304;NULL;0;Учебное пособие;NULL;1;NULL;NULL;NULL;NULL;NULL;NULL;NULL;NULL;NULL;NULL
128;a;m;000  0     n  2 22      i 450 001  \\10.0.1.9\dbf\invbook\1042680RU/IS/BASE/795116105005  020260306093458.4008  0251218s20||||||ru |||||||||||000|||rus|u013  bkz020  a9965-30-808-Х041  akaz080  a5090  a546fаб. 2 -10cХХТиЭxБ 41097  bПанкей Ж.245  aБейорганикалық химия практикумыhТекстbОқу құралыcРед.басқ. М.М.Бүркітбаев, Р.Ғ. Рысқалиева260  aАлматыbҚазақ университетіc2009300  a226 б.653  aБейметалдар химиясыaБейорганикалық химияaЖалпы химияaМеталдар химиясыaСутек952  aКУКdФакультет инжиниринга и информационных технологийeХимия, химическая технология и экологияj6В07117 - Химическая технология органических веществ;n  2 22      i 450;RU/IS/BASE/795116105;kz;9965-30-808-Х;NULL;kaz;5;546;ХХТиЭ;аб. 2 -10;Б 41;Панкей Ж.;NULL;Бейорганикалық химия практикумы;Оқу құралы;Текст;NULL;Алматы;Қазақ университеті;2009;2009;226;NULL;0;"Бейметалдар химиясы; Бейорганикалық химия; Жалпы химия; Металдар химиясы; Сутек";NULL;NULL;NULL;КУК;Факультет инжиниринга и информационных технологий;Химия, химическая технология и экология;NULL;6В07117 - Химическая технология органических веществ;NULL;NULL;NULL;NULL
129;a;m;000  0     n  2 22      i 450 001  \\10.0.1.9\dbf\invbook\1183680RU/IS/BASE/795116106005  020260306093458.5008  0191018s20                          rus u020  a978-5-04-100776-8041  arus245  aБизнес без МВА: самые важные знания о бизнесе для тех, кто начинает собственное делоhТекст260  aМ.bЭКСМОc2019300  a224653  aНаучная8561 dC:\bk\ISBN\978-5-04-100776-8\index.htm;n  2 22      i 450;RU/IS/BASE/795116106;NULL;978-5-04-100776-8;NULL;rus;NULL;NULL;NULL;NULL;NULL;NULL;NULL;Бизнес без МВА: самые важные знания о бизнесе для тех, кто начинает собственное дело;NULL;Текст;NULL;М.;ЭКСМО;2019;2019;224;NULL;0;Научная;NULL;C:\bk\ISBN\978-5-04-100776-8\index.htm;NULL;NULL;NULL;NULL;NULL;NULL;NULL;NULL;NULL;NULL
130;a;m;000  0     n  2 22      i 450 001  \\10.0.1.9\dbf\invbook\1309120RU/IS/BASE/795116107005  020260306093458.6008  0240122|||||||||kz |||||||||||||||||rus||013  bkz020  a978-601-04-2964-2040  dКаталог традиционных изданий041  arus080  a6090  a658fаб. 1 - 1xБ 59097  bСайлаубек А.245  aБизнес-анализhТекстbучебное пособиеcСост.: Р.Е. Джаншанло260  aАлматыbҚазақ университетіc2023300  a216653  aМоделирование бизнесaОсновы бизнесаaСтратегический анализ952  aКУРdФакультет экономики и сервисаeЭкономика и управлениеj6В04110 - Экономика990  d2026e02f06.02.2026;n  2 22      i 450;RU/IS/BASE/795116107;kz;978-601-04-2964-2;Каталог традиционных изданий;rus;6;658;NULL;аб. 1 - 1;Б 59;Сайлаубек А.;NULL;Бизнес-анализ;учебное пособие;Текст;NULL;Алматы;Қазақ университеті;2023;2023;216;NULL;0;"Моделирование бизнес; Основы бизнеса; Стратегический анализ";NULL;NULL;NULL;КУР;Факультет экономики и сервиса;Экономика и управление;NULL;6В04110 - Экономика;2026;02;06.02.2026;NULL
131;a;m;000  0     n  2 22      i 450 001  \\10.0.1.9\dbf\invbook\1308630RU/IS/BASE/795116108005  020260306093458.7008  0240122s20                          rus u020  a978-5-4497-1858-7041  arus245  aБизнес-план предприятия: учебное пособиеhТекст260  aМ.bАй Пи Ар Медиаc2023300  a100653  aУчебное пособие8561 d1;n  2 22      i 450;RU/IS/BASE/795116108;NULL;978-5-4497-1858-7;NULL;rus;NULL;NULL;NULL;NULL;NULL;NULL;NULL;Бизнес-план предприятия: учебное пособие;NULL;Текст;NULL;М.;Ай Пи Ар Медиа;2023;2023;100;NULL;0;Учебное пособие;NULL;1;NULL;NULL;NULL;NULL;NULL;NULL;NULL;NULL;NULL;NULL
